기준년월,지자체,방문자 구분,방문자수
202301,서울특별시,현지인방문자(a),1.4307482E8
202301,서울특별시,외지인방문자(b),4.7059016E7
202301,서울특별시,외국인방문자(c),196700.0
202301,서울특별시,외부방문자(b+c),4.7255715E7
202301,서울특별시,전체방문자(a+b+c),1.90330535E8
202301,부산광역시,현지인방문자(a),4.7114876E7
202301,부산광역시,외지인방문자(b),1.316168E7
202301,부산광역시,외국인방문자(c),18383.0
202301,부산광역시,외부방문자(b+c),1.3180063E7
202301,부산광역시,전체방문자(a+b+c),6.0294939E7
202301,대구광역시,현지인방문자(a),3.7366308E7
202301,대구광역시,외지인방문자(b),9140509.0
202301,대구광역시,외국인방문자(c),6791.0
202301,대구광역시,외부방문자(b+c),9147300.0
202301,대구광역시,전체방문자(a+b+c),4.6513608E7
202301,인천광역시,현지인방문자(a),3.91918E7
202301,인천광역시,외지인방문자(b),1.407959E7
202301,인천광역시,외국인방문자(c),242243.0
202301,인천광역시,외부방문자(b+c),1.4321833E7
202301,인천광역시,전체방문자(a+b+c),5.3513633E7
202301,광주광역시,현지인방문자(a),2.2421816E7
202301,광주광역시,외지인방문자(b),5699004.0
202301,광주광역시,외국인방문자(c),2383.0
202301,광주광역시,외부방문자(b+c),5701387.0
202301,광주광역시,전체방문자(a+b+c),2.8123203E7
202301,대전광역시,현지인방문자(a),2.2916453E7
202301,대전광역시,외지인방문자(b),6835395.0
202301,대전광역시,외국인방문자(c),5643.0
202301,대전광역시,외부방문자(b+c),6841038.0
202301,대전광역시,전체방문자(a+b+c),2.9757491E7
202301,울산광역시,현지인방문자(a),1.7156881E7
202301,울산광역시,외지인방문자(b),4227856.0
202301,울산광역시,외국인방문자(c),3318.0
202301,울산광역시,외부방문자(b+c),4231174.0
202301,울산광역시,전체방문자(a+b+c),2.1388055E7
202301,세종특별자치시,현지인방문자(a),5384855.0
202301,세종특별자치시,외지인방문자(b),2244179.0
202301,세종특별자치시,외국인방문자(c),1709.0
202301,세종특별자치시,외부방문자(b+c),2245888.0
202301,세종특별자치시,전체방문자(a+b+c),7630743.0
202301,경기도,현지인방문자(a),1.96751604E8
202301,경기도,외지인방문자(b),4.8846553E7
202301,경기도,외국인방문자(c),79577.0
202301,경기도,외부방문자(b+c),4.892613E7
202301,경기도,전체방문자(a+b+c),2.45677734E8
202301,충청북도,현지인방문자(a),2.4605994E7
202301,충청북도,외지인방문자(b),8619737.0
202301,충청북도,외국인방문자(c),10583.0
202301,충청북도,외부방문자(b+c),8630320.0
202301,충청북도,전체방문자(a+b+c),3.3236314E7
202301,충청남도,현지인방문자(a),3.28414E7
202301,충청남도,외지인방문자(b),1.2629928E7
202301,충청남도,외국인방문자(c),27778.0
202301,충청남도,외부방문자(b+c),1.2657707E7
202301,충청남도,전체방문자(a+b+c),4.5499106E7
202301,전라북도,현지인방문자(a),3.0700873E7
202301,전라북도,외지인방문자(b),8259524.0
202301,전라북도,외국인방문자(c),6318.0
202301,전라북도,외부방문자(b+c),8265842.0
202301,전라북도,전체방문자(a+b+c),3.8966715E7
202301,전라남도,현지인방문자(a),2.9275326E7
202301,전라남도,외지인방문자(b),1.0612343E7
202301,전라남도,외국인방문자(c),6009.0
202301,전라남도,외부방문자(b+c),1.0618352E7
202301,전라남도,전체방문자(a+b+c),3.9893679E7
202301,경상북도,현지인방문자(a),4.2853094E7
202301,경상북도,외지인방문자(b),1.5381562E7
202301,경상북도,외국인방문자(c),5638.0
202301,경상북도,외부방문자(b+c),1.53872E7
202301,경상북도,전체방문자(a+b+c),5.8240293E7
202301,경상남도,현지인방문자(a),5.0305262E7
202301,경상남도,외지인방문자(b),1.345338E7
202301,경상남도,외국인방문자(c),10975.0
202301,경상남도,외부방문자(b+c),1.3464356E7
202301,경상남도,전체방문자(a+b+c),6.3769618E7
202301,제주특별자치도,현지인방문자(a),1.6629515E7
202301,제주특별자치도,외지인방문자(b),5372801.0
202301,제주특별자치도,외국인방문자(c),4791.0
202301,제주특별자치도,외부방문자(b+c),5377592.0
202301,제주특별자치도,전체방문자(a+b+c),2.2007107E7
202301,강원특별자치도,현지인방문자(a),2.7639717E7
202301,강원특별자치도,외지인방문자(b),1.259783E7
202301,강원특별자치도,외국인방문자(c),15338.0
202301,강원특별자치도,외부방문자(b+c),1.2613168E7
202301,강원특별자치도,전체방문자(a+b+c),4.0252885E7
202302,서울특별시,현지인방문자(a),1.34727806E8
202302,서울특별시,외지인방문자(b),4.691771E7
202302,서울특별시,외국인방문자(c),172856.0
202302,서울특별시,외부방문자(b+c),4.7090566E7
202302,서울특별시,전체방문자(a+b+c),1.81818372E8
202302,부산광역시,현지인방문자(a),4.3160565E7
202302,부산광역시,외지인방문자(b),1.1221777E7
202302,부산광역시,외국인방문자(c),16729.0
202302,부산광역시,외부방문자(b+c),1.1238506E7
202302,부산광역시,전체방문자(a+b+c),5.4399071E7
202302,대구광역시,현지인방문자(a),3.4932208E7
202302,대구광역시,외지인방문자(b),7667681.0
202302,대구광역시,외국인방문자(c),5385.0
202302,대구광역시,외부방문자(b+c),7673066.0
202302,대구광역시,전체방문자(a+b+c),4.2605274E7
202302,인천광역시,현지인방문자(a),3.6966058E7
202302,인천광역시,외지인방문자(b),1.3018884E7
202302,인천광역시,외국인방문자(c),168471.0
202302,인천광역시,외부방문자(b+c),1.3187355E7
202302,인천광역시,전체방문자(a+b+c),5.0153413E7
202302,광주광역시,현지인방문자(a),2.0724032E7
202302,광주광역시,외지인방문자(b),4753595.0
202302,광주광역시,외국인방문자(c),2156.0
202302,광주광역시,외부방문자(b+c),4755751.0
202302,광주광역시,전체방문자(a+b+c),2.5479783E7
202302,대전광역시,현지인방문자(a),2.153234E7
202302,대전광역시,외지인방문자(b),6167550.0
202302,대전광역시,외국인방문자(c),5116.0
202302,대전광역시,외부방문자(b+c),6172665.0
202302,대전광역시,전체방문자(a+b+c),2.7705005E7
202302,울산광역시,현지인방문자(a),1.5817792E7
202302,울산광역시,외지인방문자(b),3567974.0
202302,울산광역시,외국인방문자(c),2754.0
202302,울산광역시,외부방문자(b+c),3570727.0
202302,울산광역시,전체방문자(a+b+c),1.9388519E7
202302,세종특별자치시,현지인방문자(a),5087932.0
202302,세종특별자치시,외지인방문자(b),2081051.0
202302,세종특별자치시,외국인방문자(c),1850.0
202302,세종특별자치시,외부방문자(b+c),2082901.0
202302,세종특별자치시,전체방문자(a+b+c),7170833.0
202302,경기도,현지인방문자(a),1.85737556E8
202302,경기도,외지인방문자(b),4.6803474E7
202302,경기도,외국인방문자(c),67453.0
202302,경기도,외부방문자(b+c),4.6870926E7
202302,경기도,전체방문자(a+b+c),2.32608482E8
202302,충청북도,현지인방문자(a),2.3178526E7
202302,충청북도,외지인방문자(b),7548436.0
202302,충청북도,외국인방문자(c),9860.0
202302,충청북도,외부방문자(b+c),7558296.0
202302,충청북도,전체방문자(a+b+c),3.0736822E7
202302,충청남도,현지인방문자(a),3.0996161E7
202302,충청남도,외지인방문자(b),1.1278113E7
202302,충청남도,외국인방문자(c),22775.0
202302,충청남도,외부방문자(b+c),1.1300888E7
202302,충청남도,전체방문자(a+b+c),4.2297049E7
202302,전라북도,현지인방문자(a),2.8799029E7
202302,전라북도,외지인방문자(b),6544125.0
202302,전라북도,외국인방문자(c),4969.0
202302,전라북도,외부방문자(b+c),6549094.0
202302,전라북도,전체방문자(a+b+c),3.5348123E7
202302,전라남도,현지인방문자(a),2.7523206E7
202302,전라남도,외지인방문자(b),8456077.0
202302,전라남도,외국인방문자(c),4623.0
202302,전라남도,외부방문자(b+c),8460700.0
202302,전라남도,전체방문자(a+b+c),3.5983906E7
202302,경상북도,현지인방문자(a),4.0226476E7
202302,경상북도,외지인방문자(b),1.2768598E7
202302,경상북도,외국인방문자(c),5169.0
202302,경상북도,외부방문자(b+c),1.2773767E7
202302,경상북도,전체방문자(a+b+c),5.3000244E7
202302,경상남도,현지인방문자(a),4.6524968E7
202302,경상남도,외지인방문자(b),1.0716444E7
202302,경상남도,외국인방문자(c),10928.0
202302,경상남도,외부방문자(b+c),1.0727371E7
202302,경상남도,전체방문자(a+b+c),5.7252339E7
202302,제주특별자치도,현지인방문자(a),1.550277E7
202302,제주특별자치도,외지인방문자(b),4931644.0
202302,제주특별자치도,외국인방문자(c),4272.0
202302,제주특별자치도,외부방문자(b+c),4935915.0
202302,제주특별자치도,전체방문자(a+b+c),2.0438686E7
202302,강원특별자치도,현지인방문자(a),2.5880827E7
202302,강원특별자치도,외지인방문자(b),1.1172693E7
202302,강원특별자치도,외국인방문자(c),11063.0
202302,강원특별자치도,외부방문자(b+c),1.1183756E7
202302,강원특별자치도,전체방문자(a+b+c),3.7064583E7
202303,서울특별시,현지인방문자(a),1.49666394E8
202303,서울특별시,외지인방문자(b),5.4703464E7
202303,서울특별시,외국인방문자(c),277395.0
202303,서울특별시,외부방문자(b+c),5.4980858E7
202303,서울특별시,전체방문자(a+b+c),2.04647253E8
202303,부산광역시,현지인방문자(a),4.8874147E7
202303,부산광역시,외지인방문자(b),1.3128549E7
202303,부산광역시,외국인방문자(c),31364.0
202303,부산광역시,외부방문자(b+c),1.3159913E7
202303,부산광역시,전체방문자(a+b+c),6.203406E7
202303,대구광역시,현지인방문자(a),3.9427182E7
202303,대구광역시,외지인방문자(b),9281352.0
202303,대구광역시,외국인방문자(c),8416.0
202303,대구광역시,외부방문자(b+c),9289769.0
202303,대구광역시,전체방문자(a+b+c),4.871695E7
202303,인천광역시,현지인방문자(a),4.1974846E7
202303,인천광역시,외지인방문자(b),1.5411358E7
202303,인천광역시,외국인방문자(c),209012.0
202303,인천광역시,외부방문자(b+c),1.5620369E7
202303,인천광역시,전체방문자(a+b+c),5.7595215E7
202303,광주광역시,현지인방문자(a),2.3691192E7
202303,광주광역시,외지인방문자(b),6137498.0
202303,광주광역시,외국인방문자(c),3515.0
202303,광주광역시,외부방문자(b+c),6141014.0
202303,광주광역시,전체방문자(a+b+c),2.9832206E7
202303,대전광역시,현지인방문자(a),2.419698E7
202303,대전광역시,외지인방문자(b),7722176.0
202303,대전광역시,외국인방문자(c),6958.0
202303,대전광역시,외부방문자(b+c),7729134.0
202303,대전광역시,전체방문자(a+b+c),3.1926115E7
202303,울산광역시,현지인방문자(a),1.7845754E7
202303,울산광역시,외지인방문자(b),4297657.0
202303,울산광역시,외국인방문자(c),4070.0
202303,울산광역시,외부방문자(b+c),4301727.0
202303,울산광역시,전체방문자(a+b+c),2.2147482E7
202303,세종특별자치시,현지인방문자(a),5823629.0
202303,세종특별자치시,외지인방문자(b),2690496.0
202303,세종특별자치시,외국인방문자(c),2180.0
202303,세종특별자치시,외부방문자(b+c),2692676.0
202303,세종특별자치시,전체방문자(a+b+c),8516305.0
202303,경기도,현지인방문자(a),2.0978126E8
202303,경기도,외지인방문자(b),5.6997493E7
202303,경기도,외국인방문자(c),93534.0
202303,경기도,외부방문자(b+c),5.7091027E7
202303,경기도,전체방문자(a+b+c),2.66872287E8
202303,충청북도,현지인방문자(a),2.6185498E7
202303,충청북도,외지인방문자(b),1.0033978E7
202303,충청북도,외국인방문자(c),14846.0
202303,충청북도,외부방문자(b+c),1.0048824E7
202303,충청북도,전체방문자(a+b+c),3.6234323E7
202303,충청남도,현지인방문자(a),3.480631E7
202303,충청남도,외지인방문자(b),1.486009E7
202303,충청남도,외국인방문자(c),26378.0
202303,충청남도,외부방문자(b+c),1.4886468E7
202303,충청남도,전체방문자(a+b+c),4.9692778E7
202303,전라북도,현지인방문자(a),3.2892412E7
202303,전라북도,외지인방문자(b),8103039.0
202303,전라북도,외국인방문자(c),7016.0
202303,전라북도,외부방문자(b+c),8110055.0
202303,전라북도,전체방문자(a+b+c),4.1002467E7
202303,전라남도,현지인방문자(a),3.1477334E7
202303,전라남도,외지인방문자(b),1.1146737E7
202303,전라남도,외국인방문자(c),5924.0
202303,전라남도,외부방문자(b+c),1.1152661E7
202303,전라남도,전체방문자(a+b+c),4.2629995E7
202303,경상북도,현지인방문자(a),4.572806E7
202303,경상북도,외지인방문자(b),1.5815412E7
202303,경상북도,외국인방문자(c),8651.0
202303,경상북도,외부방문자(b+c),1.5824062E7
202303,경상북도,전체방문자(a+b+c),6.1552122E7
202303,경상남도,현지인방문자(a),5.3177148E7
202303,경상남도,외지인방문자(b),1.3747083E7
202303,경상남도,외국인방문자(c),14060.0
202303,경상남도,외부방문자(b+c),1.3761143E7
202303,경상남도,전체방문자(a+b+c),6.6938292E7
202303,제주특별자치도,현지인방문자(a),1.7655757E7
202303,제주특별자치도,외지인방문자(b),5266828.0
202303,제주특별자치도,외국인방문자(c),8062.0
202303,제주특별자치도,외부방문자(b+c),5274890.0
202303,제주특별자치도,전체방문자(a+b+c),2.2930647E7
202303,강원특별자치도,현지인방문자(a),3.0238866E7
202303,강원특별자치도,외지인방문자(b),1.2137069E7
202303,강원특별자치도,외국인방문자(c),13842.0
202303,강원특별자치도,외부방문자(b+c),1.2150911E7
202303,강원특별자치도,전체방문자(a+b+c),4.2389777E7
202304,서울특별시,현지인방문자(a),1.40546906E8
202304,서울특별시,외지인방문자(b),4.4422917E7
202304,서울특별시,외국인방문자(c),602849.0
202304,서울특별시,외부방문자(b+c),4.5025766E7
202304,서울특별시,전체방문자(a+b+c),1.85572672E8
202304,부산광역시,현지인방문자(a),4.6012568E7
202304,부산광역시,외지인방문자(b),1.1330249E7
202304,부산광역시,외국인방문자(c),159096.0
202304,부산광역시,외부방문자(b+c),1.1489345E7
202304,부산광역시,전체방문자(a+b+c),5.7501913E7
202304,대구광역시,현지인방문자(a),3.7480642E7
202304,대구광역시,외지인방문자(b),7756126.0
202304,대구광역시,외국인방문자(c),26787.0
202304,대구광역시,외부방문자(b+c),7782913.0
202304,대구광역시,전체방문자(a+b+c),4.5263556E7
202304,인천광역시,현지인방문자(a),3.9418295E7
202304,인천광역시,외지인방문자(b),1.3465466E7
202304,인천광역시,외국인방문자(c),364631.0
202304,인천광역시,외부방문자(b+c),1.3830097E7
202304,인천광역시,전체방문자(a+b+c),5.3248392E7
202304,광주광역시,현지인방문자(a),2.2426229E7
202304,광주광역시,외지인방문자(b),4883260.0
202304,광주광역시,외국인방문자(c),9151.0
202304,광주광역시,외부방문자(b+c),4892411.0
202304,광주광역시,전체방문자(a+b+c),2.731864E7
202304,대전광역시,현지인방문자(a),2.3085958E7
202304,대전광역시,외지인방문자(b),6231012.0
202304,대전광역시,외국인방문자(c),10914.0
202304,대전광역시,외부방문자(b+c),6241925.0
202304,대전광역시,전체방문자(a+b+c),2.9327883E7
202304,울산광역시,현지인방문자(a),1.714705E7
202304,울산광역시,외지인방문자(b),3728946.0
202304,울산광역시,외국인방문자(c),20103.0
202304,울산광역시,외부방문자(b+c),3749049.0
202304,울산광역시,전체방문자(a+b+c),2.0896098E7
202304,세종특별자치시,현지인방문자(a),5544154.0
202304,세종특별자치시,외지인방문자(b),2173804.0
202304,세종특별자치시,외국인방문자(c),3477.0
202304,세종특별자치시,외부방문자(b+c),2177281.0
202304,세종특별자치시,전체방문자(a+b+c),7721435.0
202304,경기도,현지인방문자(a),1.98545718E8
202304,경기도,외지인방문자(b),4.8758787E7
202304,경기도,외국인방문자(c),226826.0
202304,경기도,외부방문자(b+c),4.8985613E7
202304,경기도,전체방문자(a+b+c),2.47531331E8
202304,충청북도,현지인방문자(a),2.5064711E7
202304,충청북도,외지인방문자(b),9069074.0
202304,충청북도,외국인방문자(c),22642.0
202304,충청북도,외부방문자(b+c),9091716.0
202304,충청북도,전체방문자(a+b+c),3.4156427E7
202304,충청남도,현지인방문자(a),3.3314876E7
202304,충청남도,외지인방문자(b),1.3524164E7
202304,충청남도,외국인방문자(c),38892.0
202304,충청남도,외부방문자(b+c),1.3563057E7
202304,충청남도,전체방문자(a+b+c),4.6877933E7
202304,전라북도,현지인방문자(a),3.1510622E7
202304,전라북도,외지인방문자(b),7583096.0
202304,전라북도,외국인방문자(c),20956.0
202304,전라북도,외부방문자(b+c),7604052.0
202304,전라북도,전체방문자(a+b+c),3.9114675E7
202304,전라남도,현지인방문자(a),3.0130348E7
202304,전라남도,외지인방문자(b),1.1018892E7
202304,전라남도,외국인방문자(c),26612.0
202304,전라남도,외부방문자(b+c),1.1045504E7
202304,전라남도,전체방문자(a+b+c),4.1175853E7
202304,경상북도,현지인방문자(a),4.3811744E7
202304,경상북도,외지인방문자(b),1.4299614E7
202304,경상북도,외국인방문자(c),32485.0
202304,경상북도,외부방문자(b+c),1.4332099E7
202304,경상북도,전체방문자(a+b+c),5.8143843E7
202304,경상남도,현지인방문자(a),5.0708486E7
202304,경상남도,외지인방문자(b),1.2409229E7
202304,경상남도,외국인방문자(c),46620.0
202304,경상남도,외부방문자(b+c),1.2455849E7
202304,경상남도,전체방문자(a+b+c),6.3164335E7
202304,제주특별자치도,현지인방문자(a),1.6894826E7
202304,제주특별자치도,외지인방문자(b),5061833.0
202304,제주특별자치도,외국인방문자(c),61365.0
202304,제주특별자치도,외부방문자(b+c),5123198.0
202304,제주특별자치도,전체방문자(a+b+c),2.2018023E7
202304,강원특별자치도,현지인방문자(a),2.8644102E7
202304,강원특별자치도,외지인방문자(b),1.1124407E7
202304,강원특별자치도,외국인방문자(c),39789.0
202304,강원특별자치도,외부방문자(b+c),1.1164196E7
202304,강원특별자치도,전체방문자(a+b+c),3.9808297E7
202305,서울특별시,현지인방문자(a),1.54129426E8
202305,서울특별시,외지인방문자(b),4.8890608E7
202305,서울특별시,외국인방문자(c),615854.0
202305,서울특별시,외부방문자(b+c),4.9506462E7
202305,서울특별시,전체방문자(a+b+c),2.03635888E8
202305,부산광역시,현지인방문자(a),4.9767123E7
202305,부산광역시,외지인방문자(b),1.2296326E7
202305,부산광역시,외국인방문자(c),158896.0
202305,부산광역시,외부방문자(b+c),1.2455222E7
202305,부산광역시,전체방문자(a+b+c),6.2222345E7
202305,대구광역시,현지인방문자(a),3.955092E7
202305,대구광역시,외지인방문자(b),8309998.0
202305,대구광역시,외국인방문자(c),30175.0
202305,대구광역시,외부방문자(b+c),8340172.0
202305,대구광역시,전체방문자(a+b+c),4.7891093E7
202305,인천광역시,현지인방문자(a),4.3145515E7
202305,인천광역시,외지인방문자(b),1.5536388E7
202305,인천광역시,외국인방문자(c),369639.0
202305,인천광역시,외부방문자(b+c),1.5906027E7
202305,인천광역시,전체방문자(a+b+c),5.9051542E7
202305,광주광역시,현지인방문자(a),2.4261864E7
202305,광주광역시,외지인방문자(b),5579196.0
202305,광주광역시,외국인방문자(c),8534.0
202305,광주광역시,외부방문자(b+c),5587730.0
202305,광주광역시,전체방문자(a+b+c),2.9849593E7
202305,대전광역시,현지인방문자(a),2.4993528E7
202305,대전광역시,외지인방문자(b),6633008.0
202305,대전광역시,외국인방문자(c),11224.0
202305,대전광역시,외부방문자(b+c),6644232.0
202305,대전광역시,전체방문자(a+b+c),3.163776E7
202305,울산광역시,현지인방문자(a),1.8137889E7
202305,울산광역시,외지인방문자(b),4282096.0
202305,울산광역시,외국인방문자(c),24442.0
202305,울산광역시,외부방문자(b+c),4306538.0
202305,울산광역시,전체방문자(a+b+c),2.2444427E7
202305,세종특별자치시,현지인방문자(a),6141359.0
202305,세종특별자치시,외지인방문자(b),2314770.0
202305,세종특별자치시,외국인방문자(c),3414.0
202305,세종특별자치시,외부방문자(b+c),2318185.0
202305,세종특별자치시,전체방문자(a+b+c),8459544.0
202305,경기도,현지인방문자(a),2.13997648E8
202305,경기도,외지인방문자(b),5.3506996E7
202305,경기도,외국인방문자(c),237638.0
202305,경기도,외부방문자(b+c),5.3744633E7
202305,경기도,전체방문자(a+b+c),2.67742281E8
202305,충청북도,현지인방문자(a),2.7508138E7
202305,충청북도,외지인방문자(b),9818924.0
202305,충청북도,외국인방문자(c),25391.0
202305,충청북도,외부방문자(b+c),9844315.0
202305,충청북도,전체방문자(a+b+c),3.7352453E7
202305,충청남도,현지인방문자(a),3.6316259E7
202305,충청남도,외지인방문자(b),1.4439698E7
202305,충청남도,외국인방문자(c),38845.0
202305,충청남도,외부방문자(b+c),1.4478543E7
202305,충청남도,전체방문자(a+b+c),5.0794802E7
202305,전라북도,현지인방문자(a),3.3851139E7
202305,전라북도,외지인방문자(b),8218654.0
202305,전라북도,외국인방문자(c),21489.0
202305,전라북도,외부방문자(b+c),8240144.0
202305,전라북도,전체방문자(a+b+c),4.2091283E7
202305,전라남도,현지인방문자(a),3.2342597E7
202305,전라남도,외지인방문자(b),1.1478579E7
202305,전라남도,외국인방문자(c),26482.0
202305,전라남도,외부방문자(b+c),1.1505061E7
202305,전라남도,전체방문자(a+b+c),4.3847658E7
202305,경상북도,현지인방문자(a),4.7718349E7
202305,경상북도,외지인방문자(b),1.5863477E7
202305,경상북도,외국인방문자(c),31696.0
202305,경상북도,외부방문자(b+c),1.5895173E7
202305,경상북도,전체방문자(a+b+c),6.3613522E7
202305,경상남도,현지인방문자(a),5.4368685E7
202305,경상남도,외지인방문자(b),1.3463142E7
202305,경상남도,외국인방문자(c),51564.0
202305,경상남도,외부방문자(b+c),1.3514706E7
202305,경상남도,전체방문자(a+b+c),6.7883391E7
202305,제주특별자치도,현지인방문자(a),1.792798E7
202305,제주특별자치도,외지인방문자(b),5146428.0
202305,제주특별자치도,외국인방문자(c),62456.0
202305,제주특별자치도,외부방문자(b+c),5208884.0
202305,제주특별자치도,전체방문자(a+b+c),2.3136864E7
202305,강원특별자치도,현지인방문자(a),3.1960142E7
202305,강원특별자치도,외지인방문자(b),1.2463906E7
202305,강원특별자치도,외국인방문자(c),35717.0
202305,강원특별자치도,외부방문자(b+c),1.2499623E7
202305,강원특별자치도,전체방문자(a+b+c),4.4459764E7
202306,서울특별시,현지인방문자(a),1.38053209E8
202306,서울특별시,외지인방문자(b),4.7057941E7
202306,서울특별시,외국인방문자(c),710547.0
202306,서울특별시,외부방문자(b+c),4.7768488E7
202306,서울특별시,전체방문자(a+b+c),1.85821697E8
202306,부산광역시,현지인방문자(a),4.4348605E7
202306,부산광역시,외지인방문자(b),1.1523799E7
202306,부산광역시,외국인방문자(c),178725.0
202306,부산광역시,외부방문자(b+c),1.1702524E7
202306,부산광역시,전체방문자(a+b+c),5.6051129E7
202306,대구광역시,현지인방문자(a),3.4393194E7
202306,대구광역시,외지인방문자(b),7660860.0
202306,대구광역시,외국인방문자(c),29884.0
202306,대구광역시,외부방문자(b+c),7690744.0
202306,대구광역시,전체방문자(a+b+c),4.2083938E7
202306,인천광역시,현지인방문자(a),3.9969314E7
202306,인천광역시,외지인방문자(b),1.3956943E7
202306,인천광역시,외국인방문자(c),381879.0
202306,인천광역시,외부방문자(b+c),1.4338822E7
202306,인천광역시,전체방문자(a+b+c),5.4308136E7
202306,광주광역시,현지인방문자(a),2.0442856E7
202306,광주광역시,외지인방문자(b),5254522.0
202306,광주광역시,외국인방문자(c),10497.0
202306,광주광역시,외부방문자(b+c),5265019.0
202306,광주광역시,전체방문자(a+b+c),2.5707875E7
202306,대전광역시,현지인방문자(a),2.0860749E7
202306,대전광역시,외지인방문자(b),6603320.0
202306,대전광역시,외국인방문자(c),15063.0
202306,대전광역시,외부방문자(b+c),6618384.0
202306,대전광역시,전체방문자(a+b+c),2.7479133E7
202306,울산광역시,현지인방문자(a),1.694643E7
202306,울산광역시,외지인방문자(b),3935680.0
202306,울산광역시,외국인방문자(c),27224.0
202306,울산광역시,외부방문자(b+c),3962904.0
202306,울산광역시,전체방문자(a+b+c),2.0909334E7
202306,세종특별자치시,현지인방문자(a),5639536.0
202306,세종특별자치시,외지인방문자(b),2207464.0
202306,세종특별자치시,외국인방문자(c),4574.0
202306,세종특별자치시,외부방문자(b+c),2212038.0
202306,세종특별자치시,전체방문자(a+b+c),7851574.0
202306,경기도,현지인방문자(a),1.98207054E8
202306,경기도,외지인방문자(b),5.0799192E7
202306,경기도,외국인방문자(c),288795.0
202306,경기도,외부방문자(b+c),5.1087988E7
202306,경기도,전체방문자(a+b+c),2.49295042E8
202306,충청북도,현지인방문자(a),2.4325511E7
202306,충청북도,외지인방문자(b),9187822.0
202306,충청북도,외국인방문자(c),30575.0
202306,충청북도,외부방문자(b+c),9218397.0
202306,충청북도,전체방문자(a+b+c),3.3543908E7
202306,충청남도,현지인방문자(a),3.3209928E7
202306,충청남도,외지인방문자(b),1.336187E7
202306,충청남도,외국인방문자(c),48082.0
202306,충청남도,외부방문자(b+c),1.3409952E7
202306,충청남도,전체방문자(a+b+c),4.661988E7
202306,전라북도,현지인방문자(a),3.0679638E7
202306,전라북도,외지인방문자(b),7425761.0
202306,전라북도,외국인방문자(c),23533.0
202306,전라북도,외부방문자(b+c),7449294.0
202306,전라북도,전체방문자(a+b+c),3.8128933E7
202306,전라남도,현지인방문자(a),3.0745078E7
202306,전라남도,외지인방문자(b),1.0039306E7
202306,전라남도,외국인방문자(c),32082.0
202306,전라남도,외부방문자(b+c),1.0071388E7
202306,전라남도,전체방문자(a+b+c),4.0816466E7
202306,경상북도,현지인방문자(a),4.2157742E7
202306,경상북도,외지인방문자(b),1.4257464E7
202306,경상북도,외국인방문자(c),32953.0
202306,경상북도,외부방문자(b+c),1.4290417E7
202306,경상북도,전체방문자(a+b+c),5.6448158E7
202306,경상남도,현지인방문자(a),5.1537318E7
202306,경상남도,외지인방문자(b),1.2251466E7
202306,경상남도,외국인방문자(c),60048.0
202306,경상남도,외부방문자(b+c),1.2311515E7
202306,경상남도,전체방문자(a+b+c),6.3848833E7
202306,제주특별자치도,현지인방문자(a),1.7216465E7
202306,제주특별자치도,외지인방문자(b),4972198.0
202306,제주특별자치도,외국인방문자(c),87324.0
202306,제주특별자치도,외부방문자(b+c),5059522.0
202306,제주특별자치도,전체방문자(a+b+c),2.2275987E7
202306,강원특별자치도,현지인방문자(a),3.1381826E7
202306,강원특별자치도,외지인방문자(b),1.225602E7
202306,강원특별자치도,외국인방문자(c),35396.0
202306,강원특별자치도,외부방문자(b+c),1.2291416E7
202306,강원특별자치도,전체방문자(a+b+c),4.3673242E7
202307,서울특별시,현지인방문자(a),1.37684925E8
202307,서울특별시,외지인방문자(b),4.9356132E7
202307,서울특별시,외국인방문자(c),936352.0
202307,서울특별시,외부방문자(b+c),5.0292484E7
202307,서울특별시,전체방문자(a+b+c),1.87977409E8
202307,부산광역시,현지인방문자(a),4.48903E7
202307,부산광역시,외지인방문자(b),1.2601932E7
202307,부산광역시,외국인방문자(c),223435.0
202307,부산광역시,외부방문자(b+c),1.2825367E7
202307,부산광역시,전체방문자(a+b+c),5.7715667E7
202307,대구광역시,현지인방문자(a),3.4646948E7
202307,대구광역시,외지인방문자(b),8671880.0
202307,대구광역시,외국인방문자(c),40412.0
202307,대구광역시,외부방문자(b+c),8712292.0
202307,대구광역시,전체방문자(a+b+c),4.335924E7
202307,인천광역시,현지인방문자(a),4.0861807E7
202307,인천광역시,외지인방문자(b),1.5029458E7
202307,인천광역시,외국인방문자(c),463131.0
202307,인천광역시,외부방문자(b+c),1.549259E7
202307,인천광역시,전체방문자(a+b+c),5.6354397E7
202307,광주광역시,현지인방문자(a),2.0380864E7
202307,광주광역시,외지인방문자(b),5634500.0
202307,광주광역시,외국인방문자(c),12273.0
202307,광주광역시,외부방문자(b+c),5646773.0
202307,광주광역시,전체방문자(a+b+c),2.6027637E7
202307,대전광역시,현지인방문자(a),2.0564428E7
202307,대전광역시,외지인방문자(b),6724263.0
202307,대전광역시,외국인방문자(c),20408.0
202307,대전광역시,외부방문자(b+c),6744671.0
202307,대전광역시,전체방문자(a+b+c),2.7309099E7
202307,울산광역시,현지인방문자(a),1.7103076E7
202307,울산광역시,외지인방문자(b),4207273.0
202307,울산광역시,외국인방문자(c),40170.0
202307,울산광역시,외부방문자(b+c),4247443.0
202307,울산광역시,전체방문자(a+b+c),2.1350519E7
202307,세종특별자치시,현지인방문자(a),5520526.0
202307,세종특별자치시,외지인방문자(b),2183846.0
202307,세종특별자치시,외국인방문자(c),6049.0
202307,세종특별자치시,외부방문자(b+c),2189895.0
202307,세종특별자치시,전체방문자(a+b+c),7710420.0
202307,경기도,현지인방문자(a),1.99241262E8
202307,경기도,외지인방문자(b),5.5130334E7
202307,경기도,외국인방문자(c),429122.0
202307,경기도,외부방문자(b+c),5.5559456E7
202307,경기도,전체방문자(a+b+c),2.54800719E8
202307,충청북도,현지인방문자(a),2.3823986E7
202307,충청북도,외지인방문자(b),9476890.0
202307,충청북도,외국인방문자(c),33166.0
202307,충청북도,외부방문자(b+c),9510056.0
202307,충청북도,전체방문자(a+b+c),3.3334042E7
202307,충청남도,현지인방문자(a),3.2231958E7
202307,충청남도,외지인방문자(b),1.3292548E7
202307,충청남도,외국인방문자(c),69756.0
202307,충청남도,외부방문자(b+c),1.3362304E7
202307,충청남도,전체방문자(a+b+c),4.5594263E7
202307,전라북도,현지인방문자(a),3.0398952E7
202307,전라북도,외지인방문자(b),7858092.0
202307,전라북도,외국인방문자(c),36349.0
202307,전라북도,외부방문자(b+c),7894441.0
202307,전라북도,전체방문자(a+b+c),3.8293393E7
202307,전라남도,현지인방문자(a),3.0392362E7
202307,전라남도,외지인방문자(b),1.0443545E7
202307,전라남도,외국인방문자(c),59493.0
202307,전라남도,외부방문자(b+c),1.0503038E7
202307,전라남도,전체방문자(a+b+c),4.08954E7
202307,경상북도,현지인방문자(a),4.1528448E7
202307,경상북도,외지인방문자(b),1.4858112E7
202307,경상북도,외국인방문자(c),43987.0
202307,경상북도,외부방문자(b+c),1.49021E7
202307,경상북도,전체방문자(a+b+c),5.6430548E7
202307,경상남도,현지인방문자(a),5.151061E7
202307,경상남도,외지인방문자(b),1.3185414E7
202307,경상남도,외국인방문자(c),90358.0
202307,경상남도,외부방문자(b+c),1.3275772E7
202307,경상남도,전체방문자(a+b+c),6.4786381E7
202307,제주특별자치도,현지인방문자(a),1.7436884E7
202307,제주특별자치도,외지인방문자(b),5186937.0
202307,제주특별자치도,외국인방문자(c),149238.0
202307,제주특별자치도,외부방문자(b+c),5336175.0
202307,제주특별자치도,전체방문자(a+b+c),2.277306E7
202307,강원특별자치도,현지인방문자(a),3.1307322E7
202307,강원특별자치도,외지인방문자(b),1.4632016E7
202307,강원특별자치도,외국인방문자(c),50331.0
202307,강원특별자치도,외부방문자(b+c),1.4682347E7
202307,강원특별자치도,전체방문자(a+b+c),4.5989669E7
202308,서울특별시,현지인방문자(a),1.34388331E8
202308,서울특별시,외지인방문자(b),4.8280838E7
202308,서울특별시,외국인방문자(c),996503.0
202308,서울특별시,외부방문자(b+c),4.9277341E7
202308,서울특별시,전체방문자(a+b+c),1.83665672E8
202308,부산광역시,현지인방문자(a),4.4601879E7
202308,부산광역시,외지인방문자(b),1.3071261E7
202308,부산광역시,외국인방문자(c),251107.0
202308,부산광역시,외부방문자(b+c),1.3322368E7
202308,부산광역시,전체방문자(a+b+c),5.7924247E7
202308,대구광역시,현지인방문자(a),3.4165992E7
202308,대구광역시,외지인방문자(b),8535950.0
202308,대구광역시,외국인방문자(c),38011.0
202308,대구광역시,외부방문자(b+c),8573962.0
202308,대구광역시,전체방문자(a+b+c),4.2739954E7
202308,인천광역시,현지인방문자(a),4.020995E7
202308,인천광역시,외지인방문자(b),1.4945406E7
202308,인천광역시,외국인방문자(c),503910.0
202308,인천광역시,외부방문자(b+c),1.5449316E7
202308,인천광역시,전체방문자(a+b+c),5.5659266E7
202308,광주광역시,현지인방문자(a),2.0008152E7
202308,광주광역시,외지인방문자(b),5536346.0
202308,광주광역시,외국인방문자(c),15851.0
202308,광주광역시,외부방문자(b+c),5552196.0
202308,광주광역시,전체방문자(a+b+c),2.5560349E7
202308,대전광역시,현지인방문자(a),2.0328158E7
202308,대전광역시,외지인방문자(b),6901016.0
202308,대전광역시,외국인방문자(c),23930.0
202308,대전광역시,외부방문자(b+c),6924946.0
202308,대전광역시,전체방문자(a+b+c),2.7253104E7
202308,울산광역시,현지인방문자(a),1.6903198E7
202308,울산광역시,외지인방문자(b),4263844.0
202308,울산광역시,외국인방문자(c),46074.0
202308,울산광역시,외부방문자(b+c),4309918.0
202308,울산광역시,전체방문자(a+b+c),2.1213115E7
202308,세종특별자치시,현지인방문자(a),5518054.0
202308,세종특별자치시,외지인방문자(b),2293084.0
202308,세종특별자치시,외국인방문자(c),5310.0
202308,세종특별자치시,외부방문자(b+c),2298395.0
202308,세종특별자치시,전체방문자(a+b+c),7816449.0
202308,경기도,현지인방문자(a),1.94458058E8
202308,경기도,외지인방문자(b),5.3860835E7
202308,경기도,외국인방문자(c),410191.0
202308,경기도,외부방문자(b+c),5.4271026E7
202308,경기도,전체방문자(a+b+c),2.48729084E8
202308,충청북도,현지인방문자(a),2.3516062E7
202308,충청북도,외지인방문자(b),1.0269494E7
202308,충청북도,외국인방문자(c),34975.0
202308,충청북도,외부방문자(b+c),1.0304468E7
202308,충청북도,전체방문자(a+b+c),3.3820531E7
202308,충청남도,현지인방문자(a),3.1927494E7
202308,충청남도,외지인방문자(b),1.4769002E7
202308,충청남도,외국인방문자(c),68588.0
202308,충청남도,외부방문자(b+c),1.483759E7
202308,충청남도,전체방문자(a+b+c),4.6765084E7
202308,전라북도,현지인방문자(a),3.0044833E7
202308,전라북도,외지인방문자(b),8794499.0
202308,전라북도,외국인방문자(c),72282.0
202308,전라북도,외부방문자(b+c),8866781.0
202308,전라북도,전체방문자(a+b+c),3.8911614E7
202308,전라남도,현지인방문자(a),3.0083053E7
202308,전라남도,외지인방문자(b),1.1728479E7
202308,전라남도,외국인방문자(c),73231.0
202308,전라남도,외부방문자(b+c),1.180171E7
202308,전라남도,전체방문자(a+b+c),4.1884763E7
202308,경상북도,현지인방문자(a),4.1267814E7
202308,경상북도,외지인방문자(b),1.6106328E7
202308,경상북도,외국인방문자(c),58326.0
202308,경상북도,외부방문자(b+c),1.6164654E7
202308,경상북도,전체방문자(a+b+c),5.7432468E7
202308,경상남도,현지인방문자(a),5.088874E7
202308,경상남도,외지인방문자(b),1.391796E7
202308,경상남도,외국인방문자(c),117757.0
202308,경상남도,외부방문자(b+c),1.4035717E7
202308,경상남도,전체방문자(a+b+c),6.4924457E7
202308,제주특별자치도,현지인방문자(a),1.7386568E7
202308,제주특별자치도,외지인방문자(b),5761396.0
202308,제주특별자치도,외국인방문자(c),220717.0
202308,제주특별자치도,외부방문자(b+c),5982113.0
202308,제주특별자치도,전체방문자(a+b+c),2.3368681E7
202308,강원특별자치도,현지인방문자(a),3.076654E7
202308,강원특별자치도,외지인방문자(b),1.7064232E7
202308,강원특별자치도,외국인방문자(c),39713.0
202308,강원특별자치도,외부방문자(b+c),1.7103945E7
202308,강원특별자치도,전체방문자(a+b+c),4.7870485E7
202309,서울특별시,현지인방문자(a),1.29810709E8
202309,서울특별시,외지인방문자(b),5.0867548E7
202309,서울특별시,외국인방문자(c),1060878.0
202309,서울특별시,외부방문자(b+c),5.1928426E7
202309,서울특별시,전체방문자(a+b+c),1.81739135E8
202309,부산광역시,현지인방문자(a),4.4261301E7
202309,부산광역시,외지인방문자(b),1.3391634E7
202309,부산광역시,외국인방문자(c),275204.0
202309,부산광역시,외부방문자(b+c),1.3666837E7
202309,부산광역시,전체방문자(a+b+c),5.7928138E7
202309,대구광역시,현지인방문자(a),3.39731E7
202309,대구광역시,외지인방문자(b),9472172.0
202309,대구광역시,외국인방문자(c),37304.0
202309,대구광역시,외부방문자(b+c),9509477.0
202309,대구광역시,전체방문자(a+b+c),4.3482577E7
202309,인천광역시,현지인방문자(a),3.9111548E7
202309,인천광역시,외지인방문자(b),1.5726382E7
202309,인천광역시,외국인방문자(c),696507.0
202309,인천광역시,외부방문자(b+c),1.6422889E7
202309,인천광역시,전체방문자(a+b+c),5.5534437E7
202309,광주광역시,현지인방문자(a),1.923739E7
202309,광주광역시,외지인방문자(b),6057485.0
202309,광주광역시,외국인방문자(c),20401.0
202309,광주광역시,외부방문자(b+c),6077886.0
202309,광주광역시,전체방문자(a+b+c),2.5315276E7
202309,대전광역시,현지인방문자(a),1.9388792E7
202309,대전광역시,외지인방문자(b),7443037.0
202309,대전광역시,외국인방문자(c),22128.0
202309,대전광역시,외부방문자(b+c),7465165.0
202309,대전광역시,전체방문자(a+b+c),2.6853957E7
202309,울산광역시,현지인방문자(a),1.6897584E7
202309,울산광역시,외지인방문자(b),4400263.0
202309,울산광역시,외국인방문자(c),46644.0
202309,울산광역시,외부방문자(b+c),4446907.0
202309,울산광역시,전체방문자(a+b+c),2.134449E7
202309,세종특별자치시,현지인방문자(a),5265722.0
202309,세종특별자치시,외지인방문자(b),2455240.0
202309,세종특별자치시,외국인방문자(c),6755.0
202309,세종특별자치시,외부방문자(b+c),2461995.0
202309,세종특별자치시,전체방문자(a+b+c),7727717.0
202309,경기도,현지인방문자(a),1.90790904E8
202309,경기도,외지인방문자(b),5.654236E7
202309,경기도,외국인방문자(c),408933.0
202309,경기도,외부방문자(b+c),5.6951293E7
202309,경기도,전체방문자(a+b+c),2.47742198E8
202309,충청북도,현지인방문자(a),2.2655728E7
202309,충청북도,외지인방문자(b),1.083235E7
202309,충청북도,외국인방문자(c),34048.0
202309,충청북도,외부방문자(b+c),1.0866397E7
202309,충청북도,전체방문자(a+b+c),3.3522125E7
202309,충청남도,현지인방문자(a),3.0303654E7
202309,충청남도,외지인방문자(b),1.618156E7
202309,충청남도,외국인방문자(c),69901.0
202309,충청남도,외부방문자(b+c),1.6251462E7
202309,충청남도,전체방문자(a+b+c),4.6555116E7
202309,전라북도,현지인방문자(a),2.8541614E7
202309,전라북도,외지인방문자(b),9308901.0
202309,전라북도,외국인방문자(c),40597.0
202309,전라북도,외부방문자(b+c),9349498.0
202309,전라북도,전체방문자(a+b+c),3.7891113E7
202309,전라남도,현지인방문자(a),2.8747908E7
202309,전라남도,외지인방문자(b),1.1959423E7
202309,전라남도,외국인방문자(c),74833.0
202309,전라남도,외부방문자(b+c),1.2034256E7
202309,전라남도,전체방문자(a+b+c),4.0782164E7
202309,경상북도,현지인방문자(a),4.150756E7
202309,경상북도,외지인방문자(b),1.7545112E7
202309,경상북도,외국인방문자(c),59858.0
202309,경상북도,외부방문자(b+c),1.760497E7
202309,경상북도,전체방문자(a+b+c),5.911253E7
202309,경상남도,현지인방문자(a),5.0763419E7
202309,경상남도,외지인방문자(b),1.4429852E7
202309,경상남도,외국인방문자(c),130920.0
202309,경상남도,외부방문자(b+c),1.4560772E7
202309,경상남도,전체방문자(a+b+c),6.5324191E7
202309,제주특별자치도,현지인방문자(a),1.6423666E7
202309,제주특별자치도,외지인방문자(b),4600320.0
202309,제주특별자치도,외국인방문자(c),187762.0
202309,제주특별자치도,외부방문자(b+c),4788081.0
202309,제주특별자치도,전체방문자(a+b+c),2.1211747E7
202309,강원특별자치도,현지인방문자(a),3.0529482E7
202309,강원특별자치도,외지인방문자(b),1.3470664E7
202309,강원특별자치도,외국인방문자(c),49513.0
202309,강원특별자치도,외부방문자(b+c),1.3520176E7
202309,강원특별자치도,전체방문자(a+b+c),4.4049658E7
202310,서울특별시,현지인방문자(a),1.3803313E8
202310,서울특별시,외지인방문자(b),4.9880316E7
202310,서울특별시,외국인방문자(c),1237837.0
202310,서울특별시,외부방문자(b+c),5.1118154E7
202310,서울특별시,전체방문자(a+b+c),1.89151283E8
202310,부산광역시,현지인방문자(a),4.8243772E7
202310,부산광역시,외지인방문자(b),1.230027E7
202310,부산광역시,외국인방문자(c),341441.0
202310,부산광역시,외부방문자(b+c),1.2641711E7
202310,부산광역시,전체방문자(a+b+c),6.0885484E7
202310,대구광역시,현지인방문자(a),3.7502206E7
202310,대구광역시,외지인방문자(b),8771756.0
202310,대구광역시,외국인방문자(c),39688.0
202310,대구광역시,외부방문자(b+c),8811444.0
202310,대구광역시,전체방문자(a+b+c),4.631365E7
202310,인천광역시,현지인방문자(a),4.1609288E7
202310,인천광역시,외지인방문자(b),1.5355025E7
202310,인천광역시,외국인방문자(c),776120.0
202310,인천광역시,외부방문자(b+c),1.6131145E7
202310,인천광역시,전체방문자(a+b+c),5.7740433E7
202310,광주광역시,현지인방문자(a),2.0904264E7
202310,광주광역시,외지인방문자(b),5858604.0
202310,광주광역시,외국인방문자(c),14990.0
202310,광주광역시,외부방문자(b+c),5873595.0
202310,광주광역시,전체방문자(a+b+c),2.6777859E7
202310,대전광역시,현지인방문자(a),2.1933608E7
202310,대전광역시,외지인방문자(b),7162844.0
202310,대전광역시,외국인방문자(c),20577.0
202310,대전광역시,외부방문자(b+c),7183422.0
202310,대전광역시,전체방문자(a+b+c),2.9117029E7
202310,울산광역시,현지인방문자(a),1.7790367E7
202310,울산광역시,외지인방문자(b),4316970.0
202310,울산광역시,외국인방문자(c),52987.0
202310,울산광역시,외부방문자(b+c),4369957.0
202310,울산광역시,전체방문자(a+b+c),2.2160324E7
202310,세종특별자치시,현지인방문자(a),5831892.0
202310,세종특별자치시,외지인방문자(b),2419014.0
202310,세종특별자치시,외국인방문자(c),5532.0
202310,세종특별자치시,외부방문자(b+c),2424547.0
202310,세종특별자치시,전체방문자(a+b+c),8256439.0
202310,경기도,현지인방문자(a),2.03615136E8
202310,경기도,외지인방문자(b),5.5608368E7
202310,경기도,외국인방문자(c),439372.0
202310,경기도,외부방문자(b+c),5.6047739E7
202310,경기도,전체방문자(a+b+c),2.59662875E8
202310,충청북도,현지인방문자(a),2.4948158E7
202310,충청북도,외지인방문자(b),1.0737696E7
202310,충청북도,외국인방문자(c),32445.0
202310,충청북도,외부방문자(b+c),1.077014E7
202310,충청북도,전체방문자(a+b+c),3.5718298E7
202310,충청남도,현지인방문자(a),3.3836278E7
202310,충청남도,외지인방문자(b),1.5880568E7
202310,충청남도,외국인방문자(c),75816.0
202310,충청남도,외부방문자(b+c),1.5956383E7
202310,충청남도,전체방문자(a+b+c),4.9792661E7
202310,전라북도,현지인방문자(a),3.1676456E7
202310,전라북도,외지인방문자(b),9104504.0
202310,전라북도,외국인방문자(c),43404.0
202310,전라북도,외부방문자(b+c),9147909.0
202310,전라북도,전체방문자(a+b+c),4.0824365E7
202310,전라남도,현지인방문자(a),3.1514084E7
202310,전라남도,외지인방문자(b),1.2467774E7
202310,전라남도,외국인방문자(c),105924.0
202310,전라남도,외부방문자(b+c),1.2573697E7
202310,전라남도,전체방문자(a+b+c),4.4087781E7
202310,경상북도,현지인방문자(a),4.406991E7
202310,경상북도,외지인방문자(b),1.6335529E7
202310,경상북도,외국인방문자(c),68647.0
202310,경상북도,외부방문자(b+c),1.6404176E7
202310,경상북도,전체방문자(a+b+c),6.0474086E7
202310,경상남도,현지인방문자(a),5.3575214E7
202310,경상남도,외지인방문자(b),1.4060358E7
202310,경상남도,외국인방문자(c),137934.0
202310,경상남도,외부방문자(b+c),1.4198291E7
202310,경상남도,전체방문자(a+b+c),6.7773505E7
202310,제주특별자치도,현지인방문자(a),1.7809208E7
202310,제주특별자치도,외지인방문자(b),5378362.0
202310,제주특별자치도,외국인방문자(c),235677.0
202310,제주특별자치도,외부방문자(b+c),5614040.0
202310,제주특별자치도,전체방문자(a+b+c),2.3423247E7
202310,강원특별자치도,현지인방문자(a),3.1758016E7
202310,강원특별자치도,외지인방문자(b),1.3862968E7
202310,강원특별자치도,외국인방문자(c),66004.0
202310,강원특별자치도,외부방문자(b+c),1.3928972E7
202310,강원특별자치도,전체방문자(a+b+c),4.5686989E7
202311,서울특별시,현지인방문자(a),1.36090934E8
202311,서울특별시,외지인방문자(b),4.835725E7
202311,서울특별시,외국인방문자(c),1094516.0
202311,서울특별시,외부방문자(b+c),4.9451765E7
202311,서울특별시,전체방문자(a+b+c),1.85542699E8
202311,부산광역시,현지인방문자(a),4.7535764E7
202311,부산광역시,외지인방문자(b),1.1317982E7
202311,부산광역시,외국인방문자(c),308741.0
202311,부산광역시,외부방문자(b+c),1.1626722E7
202311,부산광역시,전체방문자(a+b+c),5.9162487E7
202311,대구광역시,현지인방문자(a),3.6831154E7
202311,대구광역시,외지인방문자(b),8178992.0
202311,대구광역시,외국인방문자(c),37721.0
202311,대구광역시,외부방문자(b+c),8216713.0
202311,대구광역시,전체방문자(a+b+c),4.5047868E7
202311,인천광역시,현지인방문자(a),4.0717019E7
202311,인천광역시,외지인방문자(b),1.363048E7
202311,인천광역시,외국인방문자(c),711395.0
202311,인천광역시,외부방문자(b+c),1.4341875E7
202311,인천광역시,전체방문자(a+b+c),5.5058894E7
202311,광주광역시,현지인방문자(a),2.0847508E7
202311,광주광역시,외지인방문자(b),5112068.0
202311,광주광역시,외국인방문자(c),14308.0
202311,광주광역시,외부방문자(b+c),5126377.0
202311,광주광역시,전체방문자(a+b+c),2.5973885E7
202311,대전광역시,현지인방문자(a),2.1881254E7
202311,대전광역시,외지인방문자(b),6487950.0
202311,대전광역시,외국인방문자(c),18499.0
202311,대전광역시,외부방문자(b+c),6506449.0
202311,대전광역시,전체방문자(a+b+c),2.8387704E7
202311,울산광역시,현지인방문자(a),1.7325738E7
202311,울산광역시,외지인방문자(b),3833921.0
202311,울산광역시,외국인방문자(c),45993.0
202311,울산광역시,외부방문자(b+c),3879914.0
202311,울산광역시,전체방문자(a+b+c),2.1205652E7
202311,세종특별자치시,현지인방문자(a),5761074.0
202311,세종특별자치시,외지인방문자(b),2105145.0
202311,세종특별자치시,외국인방문자(c),5759.0
202311,세종특별자치시,외부방문자(b+c),2110904.0
202311,세종특별자치시,전체방문자(a+b+c),7871977.0
202311,경기도,현지인방문자(a),1.99387584E8
202311,경기도,외지인방문자(b),4.9313824E7
202311,경기도,외국인방문자(c),417739.0
202311,경기도,외부방문자(b+c),4.9731563E7
202311,경기도,전체방문자(a+b+c),2.49119146E8
202311,충청북도,현지인방문자(a),2.4740933E7
202311,충청북도,외지인방문자(b),8972064.0
202311,충청북도,외국인방문자(c),30719.0
202311,충청북도,외부방문자(b+c),9002783.0
202311,충청북도,전체방문자(a+b+c),3.3743716E7
202311,충청남도,현지인방문자(a),3.3343044E7
202311,충청남도,외지인방문자(b),1.2601264E7
202311,충청남도,외국인방문자(c),68711.0
202311,충청남도,외부방문자(b+c),1.2669974E7
202311,충청남도,전체방문자(a+b+c),4.6013018E7
202311,전라북도,현지인방문자(a),3.122798E7
202311,전라북도,외지인방문자(b),7656243.0
202311,전라북도,외국인방문자(c),43252.0
202311,전라북도,외부방문자(b+c),7699495.0
202311,전라북도,전체방문자(a+b+c),3.8927475E7
202311,전라남도,현지인방문자(a),3.0660234E7
202311,전라남도,외지인방문자(b),9651887.0
202311,전라남도,외국인방문자(c),95919.0
202311,전라남도,외부방문자(b+c),9747806.0
202311,전라남도,전체방문자(a+b+c),4.040804E7
202311,경상북도,현지인방문자(a),4.3447898E7
202311,경상북도,외지인방문자(b),1.357775E7
202311,경상북도,외국인방문자(c),55742.0
202311,경상북도,외부방문자(b+c),1.3633492E7
202311,경상북도,전체방문자(a+b+c),5.7081389E7
202311,경상남도,현지인방문자(a),5.2977652E7
202311,경상남도,외지인방문자(b),1.1783051E7
202311,경상남도,외국인방문자(c),130250.0
202311,경상남도,외부방문자(b+c),1.1913301E7
202311,경상남도,전체방문자(a+b+c),6.4890953E7
202311,제주특별자치도,현지인방문자(a),1.7222754E7
202311,제주특별자치도,외지인방문자(b),4494056.0
202311,제주특별자치도,외국인방문자(c),178444.0
202311,제주특별자치도,외부방문자(b+c),4672500.0
202311,제주특별자치도,전체방문자(a+b+c),2.1895254E7
202311,강원특별자치도,현지인방문자(a),3.1242614E7
202311,강원특별자치도,외지인방문자(b),9826512.0
202311,강원특별자치도,외국인방문자(c),52119.0
202311,강원특별자치도,외부방문자(b+c),9878631.0
202311,강원특별자치도,전체방문자(a+b+c),4.1121245E7
202312,서울특별시,현지인방문자(a),1.3379995E8
202312,서울특별시,외지인방문자(b),5.1472754E7
202312,서울특별시,외국인방문자(c),1074892.0
202312,서울특별시,외부방문자(b+c),5.2547645E7
202312,서울특별시,전체방문자(a+b+c),1.86347595E8
202312,부산광역시,현지인방문자(a),4.5783616E7
202312,부산광역시,외지인방문자(b),1.2699096E7
202312,부산광역시,외국인방문자(c),247255.0
202312,부산광역시,외부방문자(b+c),1.2946351E7
202312,부산광역시,전체방문자(a+b+c),5.8729966E7
202312,대구광역시,현지인방문자(a),3.5933622E7
202312,대구광역시,외지인방문자(b),9167680.0
202312,대구광역시,외국인방문자(c),34460.0
202312,대구광역시,외부방문자(b+c),9202140.0
202312,대구광역시,전체방문자(a+b+c),4.5135761E7
202312,인천광역시,현지인방문자(a),4.0545946E7
202312,인천광역시,외지인방문자(b),1.4953648E7
202312,인천광역시,외국인방문자(c),689241.0
202312,인천광역시,외부방문자(b+c),1.5642889E7
202312,인천광역시,전체방문자(a+b+c),5.6188835E7
202312,광주광역시,현지인방문자(a),2.0849812E7
202312,광주광역시,외지인방문자(b),5751242.0
202312,광주광역시,외국인방문자(c),12929.0
202312,광주광역시,외부방문자(b+c),5764171.0
202312,광주광역시,전체방문자(a+b+c),2.6613982E7
202312,대전광역시,현지인방문자(a),2.1606382E7
202312,대전광역시,외지인방문자(b),7097769.0
202312,대전광역시,외국인방문자(c),20141.0
202312,대전광역시,외부방문자(b+c),7117910.0
202312,대전광역시,전체방문자(a+b+c),2.8724292E7
202312,울산광역시,현지인방문자(a),1.6758466E7
202312,울산광역시,외지인방문자(b),3969553.0
202312,울산광역시,외국인방문자(c),46084.0
202312,울산광역시,외부방문자(b+c),4015637.0
202312,울산광역시,전체방문자(a+b+c),2.0774102E7
202312,세종특별자치시,현지인방문자(a),5701972.0
202312,세종특별자치시,외지인방문자(b),2236952.0
202312,세종특별자치시,외국인방문자(c),5149.0
202312,세종특별자치시,외부방문자(b+c),2242100.0
202312,세종특별자치시,전체방문자(a+b+c),7944073.0
202312,경기도,현지인방문자(a),1.99317626E8
202312,경기도,외지인방문자(b),5.1198168E7
202312,경기도,외국인방문자(c),441884.0
202312,경기도,외부방문자(b+c),5.1640052E7
202312,경기도,전체방문자(a+b+c),2.50957678E8
202312,충청북도,현지인방문자(a),2.4376096E7
202312,충청북도,외지인방문자(b),8197931.0
202312,충청북도,외국인방문자(c),29440.0
202312,충청북도,외부방문자(b+c),8227371.0
202312,충청북도,전체방문자(a+b+c),3.2603468E7
202312,충청남도,현지인방문자(a),3.3237771E7
202312,충청남도,외지인방문자(b),1.1996369E7
202312,충청남도,외국인방문자(c),63719.0
202312,충청남도,외부방문자(b+c),1.2060088E7
202312,충청남도,전체방문자(a+b+c),4.5297859E7
202312,전라북도,현지인방문자(a),3.1182742E7
202312,전라북도,외지인방문자(b),7195510.0
202312,전라북도,외국인방문자(c),33900.0
202312,전라북도,외부방문자(b+c),7229410.0
202312,전라북도,전체방문자(a+b+c),3.8412153E7
202312,전라남도,현지인방문자(a),3.1262588E7
202312,전라남도,외지인방문자(b),9424076.0
202312,전라남도,외국인방문자(c),106075.0
202312,전라남도,외부방문자(b+c),9530150.0
202312,전라남도,전체방문자(a+b+c),4.0792738E7
202312,경상북도,현지인방문자(a),4.2335629E7
202312,경상북도,외지인방문자(b),1.3307158E7
202312,경상북도,외국인방문자(c),47173.0
202312,경상북도,외부방문자(b+c),1.335433E7
202312,경상북도,전체방문자(a+b+c),5.5689959E7
202312,경상남도,현지인방문자(a),5.1112474E7
202312,경상남도,외지인방문자(b),1.1895552E7
202312,경상남도,외국인방문자(c),129242.0
202312,경상남도,외부방문자(b+c),1.2024794E7
202312,경상남도,전체방문자(a+b+c),6.3137268E7
202312,제주특별자치도,현지인방문자(a),1.7441694E7
202312,제주특별자치도,외지인방문자(b),4456270.0
202312,제주특별자치도,외국인방문자(c),182376.0
202312,제주특별자치도,외부방문자(b+c),4638646.0
202312,제주특별자치도,전체방문자(a+b+c),2.208034E7
202312,강원특별자치도,현지인방문자(a),3.1537821E7
202312,강원특별자치도,외지인방문자(b),1.124054E7
202312,강원특별자치도,외국인방문자(c),79898.0
202312,강원특별자치도,외부방문자(b+c),1.1320439E7
202312,강원특별자치도,전체방문자(a+b+c),4.285826E7
